组别,作者,标题,年份,来源,卷,期,页码,类型,DOI,被引用次数,核心,关键词,编号,来源链接
中文-经典Burgers与奇摄动,朱如曾,KdV-Burgers方程行波解的参数变换性质,1994,科学通报,39,16,1459-1461,[J],,未获取,北大核心/CSCD,KdV-Burgers方程;行波解;参数变换,1,http://dspace.imech.ac.cn/handle/311007/72286
中文-交通流与延迟建模,"吕晓阳,孔令江,刘慕仁",一维元胞自动机随机交通流模型的宏观方程分析,2001,物理学报,50,7,1255-1259,[J],10.7498/aps.50.1255,未获取,北大核心/CSCD/SCI收录,元胞自动机;交通流;宏观方程;守恒律,2,https://wulixb.iphy.ac.cn/article/doi/10.7498/aps.50.1255
中文-交通流与延迟建模,薛郁,随机计及相对速度的交通流跟驰模型,2003,物理学报,52,11,2750-2756,[J],10.7498/aps.52.2750,未获取,北大核心/CSCD/SCI收录,跟驰模型;相对速度;线性稳定性;交通流,3,https://wulixb.iphy.ac.cn/cn/article/doi/10.7498/aps.52.2750
中文-数值方法,邓晓燕,MKdV-Burgers方程的稳定控制与约化形式的数值分析,2003,江苏大学,,,,[D],,未获取,学位论文,MKdV-Burgers方程;稳定控制;数值分析;约化,4,
中文-交通流与延迟建模,"唐铁桥,黄海军",两车道交通流模型与数值计算,2004,科学通报,49,19,1937-1943,[J],,未获取,北大核心/CSCD,交通流;连续模型;车道变换;线性稳定性,5,https://www.sciengine.com/parse/pdf/0023-074X/ehtspg96MP5WSLqeZ.pdf
中文-交通流与延迟建模,"唐铁桥,黄海军",不同交通流的统一连续模型,2004,交通运输系统工程与信息,4,3,50-54,[J],,未获取,北大核心,交通流;连续模型;统一建模;非均衡交通流,6,http://www.tseit.org.cn/EN/Y2004/V4/I3/50
中文-经典Burgers与奇摄动,"刘煜,范立群",一种变换型试探函数法的扩展与Burgers方程新的显式精确解,2006,长沙电力学院学报(自然科学版),21,3,70-73,[J],,5,一般期刊,Burgers方程;试探函数法;行波解;精确解,7,http://dianda.cqvip.com/Qikan/Article/Detail?id=22838343&from=Qikan_Article_Detail
中文-交通流与延迟建模,"彭光含,孙棣华,何恒攀",交通流双车跟驰模型与数值仿真,2008,物理学报,57,12,7541-7546,[J],10.7498/aps.57.7541,未获取,北大核心/CSCD/SCI收录,跟驰模型;双车信息;稳定性;数值仿真,8,https://wulixb.iphy.ac.cn/cn/article/doi/10.7498/aps.57.7541
中文-交通流与延迟建模,"华雪东,王炜,王昊",考虑车与车互联通讯技术的交通流跟驰模型,2016,物理学报,65,1,010502,[J],10.7498/aps.65.010502,未获取,北大核心/CSCD/SCI收录,交通流;跟驰模型;车车互联;稳定性,9,https://wulixb.iphy.ac.cn/article/doi/10.7498/aps.65.010502
中文-趋化模型,王玉兰,趋化-流体耦合模型研究进展,2016,西华大学学报(自然科学版),35,4,"30-34,38",[J],10.3969/j.issn.1673-159X.2016.04.006,未获取,一般期刊,趋化;Keller-Segel模型;流体耦合;研究进展,10,https://aj.xhu.edu.cn/xhdxxbzkb/article/doi/10.3969/j.issn.1673-159X.2016.04.006
中文-交通流与延迟建模,"郭言,施映,章一才,薛郁",考虑延迟效应的交通流宏观流体力学模型,2017,广西科学,24,4,349-355,[J],,未获取,一般期刊,交通流;延迟效应;宏观模型;密度波;稳定性,11,http://gxkx.ijournals.cn/gxkx/ch/reader/view_abstract.aspx?file_no=20170405&flag=1
中文-交通流与延迟建模,"乔殿梁,李晓洋,郭明旻,张鹏",流通量间断守恒高阶交通流模型及其数值模拟,2019,应用数学和力学,40,5,546-561,[J],10.21656/1000-0887.390277,未获取,北大核心/CSCD,交通流;高阶模型;守恒律;数值模拟,12,http://www.applmathmech.cn/cn/article/doi/10.21656/1000-0887.390277
中文-趋化模型,"王琪,王学锋",几类Keller-Segel趋化性模型的稳态解及其定性性质,2019,中国科学:数学,49,12,1911-1946,[J],,7,权威期刊/CSCD,Keller-Segel模型;稳态解;定性性质;趋化,13,https://wap.cnki.net/touch/web/Journal/Article/JAXK201912012.html
中文-经典Burgers与奇摄动,"包立平,胡玉博,吴立群",具有初值间断的Burgers方程奇摄动解,2020,应用数学和力学,41,7,807-816,[J],10.21656/1000-0887.400270,未获取,北大核心/CSCD,Burgers方程;奇摄动;初值间断;渐近展开,14,https://pubs.cstam.org.cn/article/doi/10.21656/1000-0887.400270
中文-交通流与延迟建模,"黄宇达,赵红专,王迤冉",考虑车辆协同与时间延迟的跟驰模型的弱非线性分析,2021,计算机应用与软件,38,4,48-57,[J],10.3969/j.issn.1000-386X.2021.04.009,1,北大核心,跟驰模型;时间延迟;车辆协同;Burgers方程;线性稳定性,15,https://cstj.cqvip.com/Qikan/Article/Detail?id=7104317716
中文-经典Burgers与奇摄动,"杜冬青,刘树德",Burgers方程的奇摄动初值问题的激波解,2023,江苏师范大学学报(自然科学版),41,4,49-52,[J],,未获取,一般期刊,Burgers方程;奇摄动;激波解;渐近展开,16,https://d.wanfangdata.com.cn/periodical/xzsfdxxb-zrkx202304011
中文-经典Burgers与奇摄动,丁诗晴,具有双稳定型非线性项的Burgers方程的平衡解和行波解分析,2023,邵阳学院学报(自然科学版),20,2,11-19,[J],,未获取,一般期刊,Burgers方程;双稳非线性;平衡解;行波解,17,https://read.cnki.net/web/Journal/Article/SYXZ202302002.html
中文-数值方法,"张伟燕,杨雪花,张海湘,石扬",一类非线性变系数Burgers方程初边值问题的差分方法,2025,湖南工业大学学报,39,5,89-97,[J],10.3969/j.issn.1673-9833.2025.05.013,未获取,一般期刊,Burgers方程;变系数;差分格式;稳定性;收敛性,18,https://opaj.napstic.cn/periodicalArticle/0120250501445771
中文-数值方法,陈珂,时间分数阶Burgers型方程的两种高效差分格式,2025,华北电力大学(北京),,,,[D],,未获取,学位论文,时间分数阶;Burgers方程;差分格式;数值解,19,
中文-数值方法,王旭平,Burgers方程和Korteweg-de Vries方程初边值问题的有限差分方法,2025,东南大学,,,,[D],,未获取,学位论文,Burgers方程;KdV方程;初边值问题;有限差分,20,
英文-空间非局部Burgers,"Achleitner F, Cuesta C M, Hittmeir S",Travelling waves for a non-local Korteweg-de Vries-Burgers equation,2014,Journal of Differential Equations,257,3,720-758,[J],10.1016/j.jde.2014.04.015,22,SCI收录,非局部扩散;KdV-Burgers方程;行波;分数阶扩散,21,https://doi.org/10.1016/j.jde.2014.04.015
英文-交通流,"Aw A, Rascle M","Resurrection of ""second order"" models of traffic flow",2000,SIAM Journal on Applied Mathematics,60,3,916-938,[J],10.1137/S0036139997332099,1350,SCI收录,交通流;二阶模型;守恒律;特征速度,22,https://doi.org/10.1137/S0036139997332099
英文-空间非局部Burgers,Benzoni-Gavage S,Local well-posedness of nonlocal Burgers equations,2009,Differential and Integral Equations,22,3/4,303-320,[J],10.57262/die/1356019776,27,期刊(MathSciNet/zbMATH收录),非局部Burgers方程;适定性;爆破;表面波,23,https://doi.org/10.57262/die/1356019776
英文-经典基础,Burgers J M,A mathematical model illustrating the theory of turbulence,1948,Advances in Applied Mechanics,1,,171-199,[M],10.1016/S0065-2156(08)70100-5,2497,专著章节,Burgers方程;湍流;数学模型,24,https://doi.org/10.1016/S0065-2156(08)70100-5
英文-空间非局部Burgers,Chmaj A J J,Existence of traveling waves for the nonlocal Burgers equation,2007,Applied Mathematics Letters,20,4,439-444,[J],10.1016/j.aml.2006.05.011,12,SCI收录,非局部Burgers方程;卷积源;行波;辐射气体,25,https://doi.org/10.1016/j.aml.2006.05.011
英文-空间非局部Burgers,"Coclite G M, De Nitti N, Keimer A, Pflug L, Zuazua E",Long-time convergence of a nonlocal Burgers' equation towards the local N-wave,2023,Nonlinearity,36,11,5998-6019,[J],10.1088/1361-6544/acf01d,6,SCI收录,非局部Burgers方程;单侧指数核;N波;长时间渐近,26,https://doi.org/10.1088/1361-6544/acf01d
英文-经典基础,Cole J D,On a quasi-linear parabolic equation occurring in aerodynamics,1951,Quarterly of Applied Mathematics,9,3,225-236,[J],10.1090/qam/42889,1799,SCI收录,拟线性抛物方程;Cole-Hopf变换;气体动力学,27,https://doi.org/10.1090/qam/42889
英文-空间非局部Burgers,"Goodchild S, Yang H",Local well-posedness of a nonlocal Burgers' equation,2016,"Involve, a Journal of Mathematics",9,1,67-82,[J],10.2140/involve.2016.9.67,4,期刊(MathSciNet/zbMATH收录),空间位移u(x±h);非局部平流;适定性;爆破;数值模拟,28,https://doi.org/10.2140/involve.2016.9.67
英文-时间延迟Burgers,"Herron I, McCalla C, Mickens R",Traveling wave solutions of Burgers' equation with time delay,2020,Applied Mathematics Letters,107,,106496,[J],10.1016/j.aml.2020.106496,13,SCI收录,时间延迟Burgers方程;行波;临界延迟;单调解,29,https://doi.org/10.1016/j.aml.2020.106496
英文-经典基础,Hopf E,The partial differential equation u_t+uu_x=μu_xx,1950,Communications on Pure and Applied Mathematics,3,3,201-230,[J],10.1002/cpa.3160030302,1622,SCI收录,Burgers方程;Cole-Hopf变换;激波,30,https://doi.org/10.1002/cpa.3160030302
英文-空间非局部Burgers,"Imbert C, Shvydkoy R, Vigneron F",Global well-posedness of a non-local Burgers equation: the periodic case,2016,Annales de la Faculte des Sciences de Toulouse. Mathematiques,25,4,723-758,[J],10.5802/afst.1509,7,期刊(MathSciNet/zbMATH收录),非局部Burgers方程;奇异积分;周期初值;全局适定性,31,https://doi.org/10.5802/afst.1509
英文-趋化与守恒律,"Keller E F, Segel L A",Model for chemotaxis,1971,Journal of Theoretical Biology,30,2,225-234,[J],10.1016/0022-5193(71)90050-6,2012,SCI收录,趋化;Keller-Segel模型;守恒律;稳定性,32,https://doi.org/10.1016/0022-5193(71)90050-6
英文-时间延迟Burgers,"Kim H, Sakthivel R",Travelling wave solutions for time-delayed nonlinear evolution equations,2010,Applied Mathematics Letters,23,5,527-532,[J],10.1016/j.aml.2010.01.005,31,SCI收录,时间延迟Burgers方程;行波;精确解;展开法,33,https://doi.org/10.1016/j.aml.2010.01.005
英文-时间延迟Burgers,"Komornik V, Pignotti C",Well-posedness and exponential decay estimates for a Korteweg-de Vries-Burgers equation with time-delay,2020,Nonlinear Analysis,191,,111646,[J],10.1016/j.na.2019.111646,23,SCI收录,时间延迟;KdV-Burgers方程;适定性;指数衰减;李雅普诺夫泛函,34,https://doi.org/10.1016/j.na.2019.111646
英文-交通流,"Lighthill M J, Whitham G B",On kinematic waves II: a theory of traffic flow on long crowded roads,1955,Proceedings of the Royal Society of London. Series A,229,1178,317-345,[J],10.1098/rspa.1955.0089,5443,SCI收录,交通流;运动学波;守恒律;Burgers方程,35,https://doi.org/10.1098/rspa.1955.0089
英文-时间延迟Burgers,Liu W,Asymptotic behavior of solutions of time-delayed Burgers' equation,2002,Discrete and Continuous Dynamical Systems - Series B,2,1,47-56,[J],10.3934/dcdsb.2002.2.47,52,SCI收录,时间延迟Burgers方程;指数稳定;李雅普诺夫方法;数值模拟,36,https://doi.org/10.3934/dcdsb.2002.2.47
英文-时间延迟Burgers,"Smaoui N, Mekkaoui M",The generalized Burgers equation with and without a time delay,2004,Journal of Applied Mathematics and Stochastic Analysis,2004,1,73-96,[J],10.1155/S1048953304210012,12,期刊(MathSciNet/zbMATH收录),广义Burgers方程;时间延迟;指数稳定;伪谱方法,37,https://doi.org/10.1155/S1048953304210012
英文-空间非局部Burgers,"Tan J, Vigneron F",Global well-posedness and long-time asymptotics of a general nonlinear non-local Burgers equation,2024,Acta Applicandae Mathematicae,192,1,8,[J],10.1007/s10440-024-00672-z,0,SCI收录,非局部Burgers方程;分数阶扩散;全局适定性;长时间渐近,38,https://doi.org/10.1007/s10440-024-00672-z
英文-时间延迟Burgers,"Tang Y, Wang M",A remark on exponential stability of time-delayed Burgers equation,2009,Discrete and Continuous Dynamical Systems - Series B,12,1,219-225,[J],10.3934/dcdsb.2009.12.219,24,SCI收录,时间延迟Burgers方程;指数稳定;不动点定理;比较原理,39,https://doi.org/10.3934/dcdsb.2009.12.219
英文-时间延迟Burgers,Ueda Y,Linear stability of the non-zero equilibrium state for the viscous Burgers equation with time delay,2025,Japan Journal of Industrial and Applied Mathematics,42,5,2057-2072,[J],10.1007/s13160-025-00706-5,2,SCI收录,时间延迟;黏性Burgers方程;非零平衡态;线性稳定性;特征方程,40,https://doi.org/10.1007/s13160-025-00706-5
